{
  "modId": "farmersdelight",
  "group": {
    "name": "Farmers Delight Wild Crops",
    "enabledByDefault": true,
    "defaultPayment": {
      "item": "minecraft:emerald"
    },
    "defaultCategory": "farmingforblockheads:flowers"
  },
  "customEntries": [
    {
      "output": "farmersdelight:wild_cabbages"
    },
    {
      "output": "farmersdelight:wild_onions"
    },
    {
      "output": "farmersdelight:wild_tomatoes"
    },
    {
      "output": "farmersdelight:wild_carrots"
    },
    {
      "output": "farmersdelight:wild_potatoes"
    },
    {
      "output": "farmersdelight:wild_beetroots"
    },
    {
      "output": "farmersdelight:wild_rice"
    }
  ]
}