{
	"groupOverrides": {
		"Vanilla Seeds": {
		"enabled":true 
	}, 
		"modId": "minecraft",
		"group": {
		  "name": "Vanilla Crops",
		  "enabledByDefault": true,
		  "defaultPayment": {
			"item": "minecraft:emerald"
		  },
		  "defaultCategory": "farmingforblockheads:seeds"
		},
		"customEntries": [
		  {
			"output": "minecraft:sweet_berries"
		  },
		  {
			"output": "minecraft:sugar_cane"
		  },
		  {
			"output": "minecraft:cactus"
		  },
		  {
			"output": "minecraft:bamboo"
		  },
		  {
			"output": "minecraft:kelp"
		  },
		  {
			"output": "minecraft:nether_wart"
		  }
		]
	  }
	  
}
