{
  "modId": "minecraft",
  "group": {
    "name": "Vanilla Seeds",
    "enabledByDefault": true,
    "defaultPayment": {
      "item": "minecraft:emerald"
    },
    "defaultCategory": "farmingforblockheads:seeds"
  },
  "customEntries": [
    {
      "output": "minecraft:wheat_seeds"
    },
    {
      "output": "minecraft:melon_seeds"
    },
    {
      "output": "minecraft:pumpkin_seeds"
    },
    {
      "output": "minecraft:beetroot_seeds"
    },
    {
      "output": "minecraft:potato"
    },
    {
      "output": "minecraft:carrot"
    }
  ]
}
